Date,TOTAL_REVENUE_USD
2018-01-01,1431500.4100000001
2018-01-08,255553.09
2018-01-15,816186.06
2018-01-22,3644312.81
2018-01-29,512394.54
2018-02-05,1814458.8599999999
2018-02-12,-290667.14999999997
2018-02-19,8184044.35
2018-02-26,257823.63
2018-03-05,582500.27
2018-03-12,2813244.03
2018-03-19,3045.32
2018-03-26,7850924.41
2018-04-02,3835243.14
2018-04-09,3774269.41425
2018-04-16,3713295.6885
2018-04-23,3652321.96275
2018-04-30,3591348.237
2018-05-07,3530374.51125
2018-05-14,3469400.7855
2018-05-21,3408427.05975
2018-05-28,3347453.334
2018-06-04,3286479.60825
2018-06-11,3225505.8825000003
2018-06-18,3164532.15675
2018-06-25,3103558.431
2018-07-02,3042584.70525
2018-07-09,2981610.9795
2018-07-16,2920637.25375
2018-07-23,2859663.528
2018-07-30,2798689.8022499997
2018-08-06,2737716.0765
2018-08-13,2676742.35075
2018-08-20,2615768.625
2018-08-27,2554794.89925
2018-09-03,2493821.1734999996
2018-09-10,2432847.44775
2018-09-17,2371873.722
2018-09-24,2310899.99625
2018-10-01,2249926.2704999996
2018-10-08,2188952.54475
2018-10-15,2127978.819
2018-10-22,2067005.09325
2018-10-29,2006031.3675
2018-11-05,1945057.6417499997
2018-11-12,1884083.9159999997
2018-11-19,1823110.1902499998
2018-11-26,1762136.4644999998
2018-12-03,1701162.7387499996
2018-12-10,1640189.0129999998
2018-12-17,1579215.2872499996
2018-12-24,1518241.5614999998
2018-12-31,1457267.8357499996
2019-01-07,1396294.1099999999
2019-01-14,1584903.1
2019-01-21,-960266.22
2019-01-28,3784211.17
2019-02-04,0.0
2019-02-11,2084356.0
2019-02-18,1010027.3299999998
2019-02-25,5540258.22
2019-03-04,0.0
2019-03-11,1503464.85
2019-03-18,931171.2000000001
2019-03-25,1228377.48
2019-04-01,9891071.91
2019-04-08,4002040.54
2019-04-15,3917063.9717948716
2019-04-22,3832087.4035897437
2019-04-29,3747110.835384615
2019-05-06,3662134.2671794873
2019-05-13,3577157.698974359
2019-05-20,3492181.130769231
2019-05-27,3407204.5625641025
2019-06-03,3322227.9943589745
2019-06-10,3237251.426153846
2019-06-17,3152274.8579487177
2019-06-24,3067298.2897435897
2019-07-01,2982321.7215384617
2019-07-08,2897345.1533333333
2019-07-15,2812368.585128205
2019-07-22,2727392.016923077
2019-07-29,2642415.448717949
2019-08-05,2557438.8805128206
2019-08-12,2472462.312307692
2019-08-19,2387485.7441025637
2019-08-26,2302509.1758974358
2019-09-02,2217532.607692308
2019-09-09,2132556.0394871794
2019-09-16,2047579.4712820512
2019-09-23,1962602.903076923
2019-09-30,1877626.3348717946
2019-10-07,1792649.7666666666
2019-10-14,1707673.1984615382
2019-10-21,1622696.6302564102
2019-10-28,1537720.0620512818
2019-11-04,1452743.4938461538
2019-11-11,1367766.9256410254
2019-11-18,1282790.3574358975
2019-11-25,1197813.789230769
2019-12-02,1112837.2210256406
2019-12-09,1027860.6528205127
2019-12-16,942884.0846153842
2019-12-23,857907.5164102563
2019-12-30,772930.9482051278
2020-01-06,687954.38
2020-01-13,139860.76
2020-01-20,618933.94
2020-01-27,1132323.19
2020-02-03,585587.09
2020-02-10,38850.99
2020-02-17,1072242.07
2020-02-24,2584047.66
2020-03-02,0.0
2020-03-09,565608.61
2020-03-16,132397.67
2020-03-23,-1117.1199999999994
2020-03-30,3105994.02
2020-04-06,1297177.22
2020-04-13,1263916.2656410257
2020-04-20,1230655.3112820513
2020-04-27,1197394.3569230768
2020-05-04,1164133.4025641026
2020-05-11,1130872.448205128
2020-05-18,1097611.4938461538
2020-05-25,1064350.5394871794
2020-06-01,1031089.5851282051
2020-06-08,997828.6307692307
2020-06-15,964567.6764102564
2020-06-22,931306.722051282
2020-06-29,898045.7676923077
2020-07-06,864784.8133333332
2020-07-13,831523.858974359
2020-07-20,798262.9046153845
2020-07-27,765001.9502564103
2020-08-03,731740.9958974359
2020-08-10,698480.0415384615
2020-08-17,665219.0871794871
2020-08-24,631958.1328205128
2020-08-31,598697.1784615384
2020-09-07,565436.224102564
2020-09-14,532175.2697435897
2020-09-21,498914.3153846153
2020-09-28,465653.361025641
2020-10-05,432392.4066666666
2020-10-12,399131.45230769226
2020-10-19,365870.4979487179
2020-10-26,332609.54358974355
2020-11-02,299348.5892307692
2020-11-09,266087.63487179484
2020-11-16,232826.6805128206
2020-11-23,199565.72615384613
2020-11-30,166304.7717948719
2020-12-07,133043.81743589742
2020-12-14,99782.86307692295
2020-12-21,66521.90871794871
2020-12-28,33260.95435897424
2021-01-04,0.0
2021-01-11,-1139925.38
2021-01-18,98199.8
2021-01-25,2294451.91
2021-02-01,697.7500000000291
2021-02-08,109439.43000000001
2021-02-15,1018149.19
2021-02-22,3361185.2
2021-03-01,-0.010000000009313226
2021-03-08,99134.62
2021-03-15,1279566.79
2021-03-22,229499.63
2021-03-29,8945887.23
2021-04-05,8737492.679
2021-04-12,8529098.128
2021-04-19,8320703.5770000005
2021-04-26,8112309.026000001
2021-05-03,7903914.475000001
2021-05-10,7695519.924000001
2021-05-17,7487125.373000001
2021-05-24,7278730.822000001
2021-05-31,7070336.271
2021-06-07,6861941.720000001
2021-06-14,6653547.169
2021-06-21,6445152.618000001
2021-06-28,6236758.067
2021-07-05,6028363.516000001
2021-07-12,5819968.965
2021-07-19,5611574.414000001
2021-07-26,5403179.863
2021-08-02,5194785.312
2021-08-09,4986390.761
2021-08-16,4777996.21
2021-08-23,4569601.659
2021-08-30,4361207.108
2021-09-06,4152812.557
2021-09-13,3944418.006
2021-09-20,3736023.455
2021-09-27,3527628.904
2021-10-04,3319234.353
2021-10-11,3110839.802
2021-10-18,2902445.251
2021-10-25,2694050.7
2021-11-01,2485656.149
2021-11-08,2277261.598
2021-11-15,2068867.0470000003
2021-11-22,1860472.4959999993
2021-11-29,1652077.9449999994
2021-12-06,1443683.3939999994
2021-12-13,1235288.8429999994
2021-12-20,1026894.2919999994
2021-12-27,818499.7409999995
2022-01-03,610105.19
2022-01-10,191929.37000000005
2022-01-17,650706.7800000001
2022-01-24,2876976.16
2022-01-31,0.0
2022-02-07,1847898.27
2022-02-14,-1638.2500000000005
2022-02-21,2464654.8099999996
2022-02-28,562792.4800000001
2022-03-07,-187790.9299999999
2022-03-14,212277.93000000002
2022-03-21,222063.44
2022-03-28,11139884.5
2022-04-04,10861387.3875
2022-04-11,10582890.275
2022-04-18,10304393.1625
2022-04-25,10025896.05
2022-05-02,9747398.9375
2022-05-09,9468901.825
2022-05-16,9190404.7125
2022-05-23,8911907.6
2022-05-30,8633410.4875
2022-06-06,8354913.375
2022-06-13,8076416.262499999
2022-06-20,7797919.15
2022-06-27,7519422.0375
2022-07-04,7240924.925
2022-07-11,6962427.8125
2022-07-18,6683930.7
2022-07-25,6405433.587499999
2022-08-01,6126936.475
2022-08-08,5848439.3625
2022-08-15,5569942.25
2022-08-22,5291445.1375
2022-08-29,5012948.024999999
2022-09-05,4734450.9125
2022-09-12,4455953.8
2022-09-19,4177456.6875
2022-09-26,3898959.5749999993
2022-10-03,3620462.4624999994
2022-10-10,3341965.3499999996
2022-10-17,3063468.2375
2022-10-24,2784971.125
2022-10-31,2506474.0124999993
2022-11-07,2227976.9000000004
2022-11-14,1949479.7874999996
2022-11-21,1670982.6749999989
2022-11-28,1392485.5625
2022-12-05,1113988.4499999993
2022-12-12,835491.3375000004
2022-12-19,556994.2249999996
2022-12-26,278497.1124999989
2023-01-02,0.0
2023-01-09,235058.59999999998
2023-01-16,587688.88
2023-01-23,2331607.18
2023-01-30,0.0
2023-02-06,0.0
2023-02-13,-153911.46
2023-02-20,5906743.56
2023-02-27,0.0
2023-03-06,0.0
2023-03-13,-43563.81
2023-03-20,0.0
2023-03-27,9141632.52
2023-04-03,2466493.88
2023-04-10,2406479.027317073
2023-04-17,2346464.174634146
2023-04-24,2286449.3219512193
2023-05-01,2226434.4692682927
2023-05-08,2166419.616585366
2023-05-15,2106404.763902439
2023-05-22,2046389.911219512
2023-05-29,1986375.0585365854
2023-06-05,1926360.2058536585
2023-06-12,1866345.3531707316
2023-06-19,1806330.5004878049
2023-06-26,1746315.647804878
2023-07-03,1686300.795121951
2023-07-10,1626285.9424390243
2023-07-17,1566271.0897560976
2023-07-24,1506256.2370731707
2023-07-31,1446241.3843902438
2023-08-07,1386226.531707317
2023-08-14,1326211.6790243902
2023-08-21,1266196.8263414635
2023-08-28,1206181.9736585366
2023-09-04,1146167.1209756096
2023-09-11,1086152.268292683
2023-09-18,1026137.415609756
2023-09-25,966122.5629268293
2023-10-02,906107.7102439024
2023-10-09,846092.8575609757
2023-10-16,786078.0048780488
2023-10-23,726063.1521951219
2023-10-30,666048.2995121952
2023-11-06,606033.4468292682
2023-11-13,546018.5941463416
2023-11-20,486003.7414634146
2023-11-27,425988.88878048793
2023-12-04,365974.036097561
2023-12-11,305959.1834146343
2023-12-18,245944.33073170716
2023-12-25,185929.47804878047
2024-01-01,125914.62536585378
2024-01-08,65899.77268292708
2024-01-15,5884.92
2024-01-22,105638.09
2024-01-29,52819.045
2024-02-05,0.0
2024-02-12,33775.34
2024-02-19,67550.68
