Date,Actual,Forecast
2018-01-01,1431500.4100000001,1.4847876e+06
2018-01-08,255553.09,1.4349558e+06
2018-01-15,816186.06,1.3848895e+06
2018-01-22,3644312.81,1.4369058e+06
2018-01-29,512394.54,474474.6
2018-02-05,1814458.8599999999,1.8296769e+06
2018-02-12,-290667.14999999997,1.0310341e+06
2018-02-19,8184044.35,1.4584675e+06
2018-02-26,257823.63,1.2633906e+06
2018-03-05,582500.27,3.1357572e+06
2018-03-12,2813244.03,1.7571575e+06
2018-03-19,3045.32,1.7054361e+06
2018-03-26,7850924.41,1.4406709e+06
2018-04-02,3835243.14,1.4031891e+06
2018-04-09,3774269.41425,5.38316e+06
2018-04-16,3713295.6885,4.6087115e+06
2018-04-23,3652321.96275,4.2041805e+06
2018-04-30,3591348.237,4.0065615e+06
2018-05-07,3530374.51125,3.8679552e+06
2018-05-14,3469400.7855,3.7365435e+06
2018-05-21,3408427.05975,3.5998102e+06
2018-05-28,3347453.3340000003,3.4576758e+06
2018-06-04,3286479.60825,3.3132055e+06
2018-06-11,3225505.8825000003,3.1696252e+06
2018-06-18,3164532.15675,3.0295115e+06
2018-06-25,3103558.431,2.8947215e+06
2018-07-02,3042584.70525,2.7665055e+06
2018-07-09,2981610.9795,2.6456558e+06
2018-07-16,2920637.25375,2.5326108e+06
2018-07-23,2859663.528,2.4275392e+06
2018-07-30,2798689.8022499997,2.330385e+06
2018-08-06,2737716.0765,2.2409045e+06
2018-08-13,2676742.35075,2.15869e+06
2018-08-20,2615768.625,2.0831878e+06
2018-08-27,2554794.89925,2.0137232e+06
2018-09-03,2493821.1735,1.9495176e+06
2018-09-10,2432847.4477500003,1.8897158e+06
2018-09-17,2371873.722,1.8334178e+06
2018-09-24,2310899.99625,1.7797065e+06
2018-10-01,2249926.2704999996,1.7276849e+06
2018-10-08,2188952.54475,1.676507e+06
2018-10-15,2127978.819,1.6254072e+06
2018-10-22,2067005.09325,1.573725e+06
2018-10-29,2006031.3675,1.520926e+06
2018-11-05,1945057.64175,1.4666106e+06
2018-11-12,1884083.916,1.4105166e+06
2018-11-19,1823110.1902499998,1.352516e+06
2018-11-26,1762136.4644999998,1.2925996e+06
2018-12-03,1701162.73875,1.2308588e+06
2018-12-10,1640189.0129999998,1.167468e+06
2018-12-17,1579215.28725,1.1026582e+06
2018-12-24,1518241.5614999998,1.0366964e+06
2018-12-31,1457267.8357499996,969867.7
2019-01-07,1396294.1099999999,902456.25
2019-01-14,1584903.1,834736.06
2019-01-21,-960266.22,587668.1
2019-01-28,3784211.17,632751.25
2019-02-04,0.0,861858.25
2019-02-11,2084356.0,787492.7
2019-02-18,1010027.3299999998,549856.44
2019-02-25,5540258.22,822819.1
2019-03-04,0.0,1.6102332e+06
2019-03-11,1503464.85,1.0289024e+06
2019-03-18,931171.2000000001,957719.44
2019-03-25,1228377.48,749254.06
2019-04-01,9891071.91,574848.0
2019-04-08,4002040.54,1.7085798e+06
2019-04-15,3917063.9717948716,1.6109045e+06
2019-04-22,3832087.4035897437,1.5641962e+06
2019-04-29,3747110.835384615,1.5301212e+06
2019-05-06,3662134.2671794873,1.4943959e+06
2019-05-13,3577157.698974359,1.4516208e+06
2019-05-20,3492181.130769231,1.4008352e+06
2019-05-27,3407204.5625641025,1.3432216e+06
2019-06-03,3322227.9943589745,1.280846e+06
2019-06-10,3237251.426153846,1.2159874e+06
2019-06-17,3152274.8579487177,1.1507964e+06
2019-06-24,3067298.2897435897,1.087137e+06
2019-07-01,2982321.7215384617,1.0265285e+06
2019-07-08,2897345.1533333333,970136.1
2019-07-15,2812368.585128205,918784.4
2019-07-22,2727392.016923077,872979.44
2019-07-29,2642415.448717949,832940.1
2019-08-05,2557438.8805128206,798626.5
2019-08-12,2472462.312307692,769770.0
2019-08-19,2387485.744102564,745911.9
2019-08-26,2302509.1758974358,726435.6
2019-09-02,2217532.607692308,710609.75
2019-09-09,2132556.0394871794,697625.06
2019-09-16,2047579.4712820512,686639.5
2019-09-23,1962602.903076923,676816.06
2019-09-30,1877626.334871795,667360.56
2019-10-07,1792649.7666666666,657556.5
2019-10-14,1707673.1984615382,646789.4
2019-10-21,1622696.6302564102,634565.7
2019-10-28,1537720.0620512818,620526.1
2019-11-04,1452743.4938461538,604445.56
2019-11-11,1367766.9256410254,586230.6
2019-11-18,1282790.3574358975,565905.75
2019-11-25,1197813.789230769,543600.06
2019-12-02,1112837.221025641,519522.94
2019-12-09,1027860.6528205127,493945.7
2019-12-16,942884.0846153847,467177.97
2019-12-23,857907.5164102563,439546.72
2019-12-30,772930.9482051283,411379.0
2020-01-06,687954.38,382986.22
2020-01-13,139860.76,354651.22
2020-01-20,618933.94,-80792.234
2020-01-27,1132323.19,110901.93
2020-02-03,585587.09,1.0834724e+06
2020-02-10,38850.99,763551.8
2020-02-17,1072242.07,656131.25
2020-02-24,2584047.66,954369.4
2020-03-02,0.0,2.1072992e+06
2020-03-09,565608.61,1.3832702e+06
2020-03-16,132397.67,1.0553301e+06
2020-03-23,-1117.1199999999994,1.3186902e+06
2020-03-30,3105994.02,1.0321876e+06
2020-04-06,1297177.22,4.747644e+06
2020-04-13,1263916.2656410257,6.822023e+06
2020-04-20,1230655.3112820513,7.6529115e+06
2020-04-27,1197394.3569230768,7.8090155e+06
2020-05-04,1164133.4025641026,7.6958645e+06
2020-05-11,1130872.4482051283,7.4973345e+06
2020-05-18,1097611.4938461538,7.274414e+06
2020-05-25,1064350.5394871794,7.044957e+06
2020-06-01,1031089.5851282051,6.8151355e+06
2020-06-08,997828.6307692308,6.587464e+06
2020-06-15,964567.6764102564,6.3627385e+06
2020-06-22,931306.7220512821,6.1408975e+06
2020-06-29,898045.7676923077,5.9215955e+06
2020-07-06,864784.8133333334,5.704477e+06
2020-07-13,831523.858974359,5.4892925e+06
2020-07-20,798262.9046153846,5.2759025e+06
2020-07-27,765001.9502564103,5.0642625e+06
2020-08-03,731740.9958974359,4.854386e+06
2020-08-10,698480.0415384616,4.646322e+06
2020-08-17,665219.0871794872,4.440135e+06
2020-08-24,631958.1328205129,4.2358935e+06
2020-08-31,598697.1784615385,4.033664e+06
2020-09-07,565436.2241025642,3.8335002e+06
2020-09-14,532175.2697435898,3.6354502e+06
2020-09-21,498914.31538461545,3.4395515e+06
2020-09-28,465653.3610256411,3.24583e+06
2020-10-05,432392.40666666673,3.054305e+06
2020-10-12,399131.4523076924,2.8649925e+06
2020-10-19,365870.497948718,2.677903e+06
2020-10-26,332609.54358974367,2.4930465e+06
2020-11-02,299348.5892307693,2.310435e+06
2020-11-09,266087.63487179496,2.1300825e+06
2020-11-16,232826.6805128206,1.9520074e+06
2020-11-23,199565.72615384613,1.7762335e+06
2020-11-30,166304.7717948719,1.6027874e+06
2020-12-07,133043.81743589742,1.4316998e+06
2020-12-14,99782.86307692318,1.2630039e+06
2020-12-21,66521.90871794871,1.0967306e+06
2020-12-28,33260.95435897447,932907.44
2021-01-04,0.0,771555.94
2021-01-11,-1139925.38,612687.5
2021-01-18,98199.8,375422.6
2021-01-25,2294451.91,430567.56
2021-02-01,697.7500000000291,1.3857281e+06
2021-02-08,109439.43000000001,803377.5
2021-02-15,1018149.19,1.2695061e+06
2021-02-22,3361185.2,826865.94
2021-03-01,-0.010000000009313226,1.600001e+06
2021-03-08,99134.62,1.2835134e+06
2021-03-15,1279566.79,845179.1
2021-03-22,229499.63,751899.44
2021-03-29,8945887.23,686369.25
2021-04-05,8737492.679,5.660494e+06
2021-04-12,8529098.128,8.536263e+06
2021-04-19,8320703.5770000005,9.610334e+06
2021-04-26,8112309.026000001,9.686855e+06
2021-05-03,7903914.475000001,9.421949e+06
2021-05-10,7695519.924000001,9.101631e+06
2021-05-17,7487125.373,8.793639e+06
2021-05-24,7278730.822000001,8.501458e+06
2021-05-31,7070336.271,8.2210295e+06
2021-06-07,6861941.72,7.949194e+06
2021-06-14,6653547.169,7.683161e+06
2021-06-21,6445152.618,7.420447e+06
2021-06-28,6236758.067,7.1591495e+06
2021-07-05,6028363.516,6.898014e+06
2021-07-12,5819968.965,6.6363325e+06
2021-07-19,5611574.414,6.3737785e+06
2021-07-26,5403179.863,6.1102755e+06
2021-08-02,5194785.312,5.845887e+06
2021-08-09,4986390.761,5.580752e+06
2021-08-16,4777996.209999999,5.3150435e+06
2021-08-23,4569601.659,5.048946e+06
2021-08-30,4361207.108,4.7826485e+06
2021-09-06,4152812.557,4.5163385e+06
2021-09-13,3944418.005999999,4.250206e+06
2021-09-20,3736023.454999999,3.9844435e+06
2021-09-27,3527628.903999999,3.719256e+06
2021-10-04,3319234.352999999,3.4548618e+06
2021-10-11,3110839.801999999,3.1915002e+06
2021-10-18,2902445.250999999,2.9294365e+06
2021-10-25,2694050.6999999993,2.668962e+06
2021-11-01,2485656.1489999993,2.410405e+06
2021-11-08,2277261.5979999993,2.154124e+06
2021-11-15,2068867.0469999993,1.9005135e+06
2021-11-22,1860472.4959999993,1.65e+06
2021-11-29,1652077.9449999994,1.4030366e+06
2021-12-06,1443683.3939999994,1.1600961e+06
2021-12-13,1235288.8429999994,921659.8
2021-12-20,1026894.2919999994,688203.44
2021-12-27,818499.7409999995,460181.03
2022-01-03,610105.19,238005.97
2022-01-10,191929.37000000005,22033.926
2022-01-17,650706.7800000001,5482.8
2022-01-24,2876976.16,157909.55
2022-01-31,0.0,990242.4
2022-02-07,1847898.27,604754.94
2022-02-14,-1638.2500000000005,458769.3
2022-02-21,2464654.8099999996,356255.34
2022-02-28,562792.4800000001,2.8794138e+06
2022-03-07,-187790.9299999999,1.819181e+06
2022-03-14,212277.93000000002,1.3365242e+06
2022-03-21,222063.44,1.0590805e+06
2022-03-28,11139884.5,894863.0
2022-04-04,10861387.3875,4.830083e+06
2022-04-11,10582890.275,3.8363112e+06
2022-04-18,10304393.1625,3.330765e+06
2022-04-25,10025896.05,3.053147e+06
2022-05-02,9747398.9375,2.851222e+06
2022-05-09,9468901.825,2.6720965e+06
2022-05-16,9190404.7125,2.5002385e+06
2022-05-23,8911907.6,2.3329328e+06
2022-05-30,8633410.4875,2.1715102e+06
2022-06-06,8354913.375,2.0181536e+06
2022-06-13,8076416.2625,1.8748286e+06
2022-06-20,7797919.15,1.7430082e+06
2022-06-27,7519422.0375,1.6236685e+06
2022-07-04,7240924.925000001,1.5173454e+06
2022-07-11,6962427.8125,1.424193e+06
2022-07-18,6683930.7,1.3440201e+06
2022-07-25,6405433.5875,1.2763226e+06
2022-08-01,6126936.475000001,1.2202979e+06
2022-08-08,5848439.3625,1.1748731e+06
2022-08-15,5569942.25,1.1387346e+06
2022-08-22,5291445.1375,1.1103738e+06
2022-08-29,5012948.025,1.0881382e+06
2022-09-05,4734450.912500001,1.0702985e+06
2022-09-12,4455953.8,1.0551176e+06
2022-09-19,4177456.6875,1.04092675e+06
2022-09-26,3898959.575,1.026194e+06
2022-10-03,3620462.4625000004,1.0095908e+06
2022-10-10,3341965.3500000006,990041.25
2022-10-17,3063468.2375,966757.3
2022-10-24,2784971.125,939250.0
2022-10-31,2506474.012500001,907325.06
2022-11-07,2227976.9000000004,871053.7
2022-11-14,1949479.7874999996,830730.94
2022-11-21,1670982.6750000007,786824.6
2022-11-28,1392485.5625,739918.25
2022-12-05,1113988.4500000011,690656.7
2022-12-12,835491.3375000004,639703.3
2022-12-19,556994.2249999996,587700.56
2022-12-26,278497.11250000075,535244.9
2023-01-02,0.0,482871.16
2023-01-09,235058.59999999998,431041.47
2023-01-16,587688.88,380085.66
2023-01-23,2331607.18,330158.72
2023-01-30,0.0,341493.16
2023-02-06,0.0,332487.0
2023-02-13,-153911.46,314189.1
2023-02-20,5906743.56,323651.53
2023-02-27,0.0,323651.53
2023-03-06,0.0,323651.53
2023-03-13,-43563.81,323651.53
2023-03-20,0.0,323651.53
2023-03-27,9141632.52,323651.53
2023-04-03,2466493.88,323651.53
2023-04-10,2406479.027317073,323651.53
2023-04-17,2346464.174634146,323651.53
2023-04-24,2286449.3219512193,323651.53
2023-05-01,2226434.4692682927,323651.53
2023-05-08,2166419.6165853655,323651.53
2023-05-15,2106404.763902439,323651.53
2023-05-22,2046389.911219512,323651.53
2023-05-29,1986375.0585365852,323651.53
2023-06-05,1926360.2058536585,323651.53
2023-06-12,1866345.3531707316,323651.53
2023-06-19,1806330.5004878049,323651.53
2023-06-26,1746315.647804878,323651.53
2023-07-03,1686300.795121951,323651.53
2023-07-10,1626285.9424390243,323651.53
2023-07-17,1566271.0897560976,323651.53
2023-07-24,1506256.2370731705,323651.53
2023-07-31,1446241.3843902438,323651.53
2023-08-07,1386226.531707317,323651.53
2023-08-14,1326211.6790243902,323651.53
2023-08-21,1266196.8263414633,323651.53
2023-08-28,1206181.9736585366,323651.53
2023-09-04,1146167.1209756096,323651.53
2023-09-11,1086152.268292683,323651.53
2023-09-18,1026137.415609756,323651.53
2023-09-25,966122.5629268291,323651.53
2023-10-02,906107.7102439024,323651.53
2023-10-09,846092.8575609755,323651.53
2023-10-16,786078.0048780488,323651.53
2023-10-23,726063.1521951219,323651.53
2023-10-30,666048.2995121952,323651.53
2023-11-06,606033.4468292682,323651.53
2023-11-13,546018.5941463413,323651.53
2023-11-20,486003.7414634146,323651.53
2023-11-27,425988.8887804877,323651.53
2023-12-04,365974.036097561,323651.53
2023-12-11,305959.1834146343,323651.53
2023-12-18,245944.33073170716,323651.53
2023-12-25,185929.47804878047,323651.53
2024-01-01,125914.62536585378,323651.53
2024-01-08,65899.77268292662,323651.53
2024-01-15,5884.92,323651.53
2024-01-22,105638.09,323651.53
2024-01-29,52819.045,323651.53
2024-02-05,0.0,323651.53
2024-02-12,33775.34,323651.53
2024-02-19,67550.68,323651.53
2024-03-03,,347978.1
2024-03-10,,477044.78
2024-03-17,,613246.3
2024-03-24,,759369.56
2024-03-31,,915483.0
2024-04-07,,1.0748656e+06
2024-04-14,,1.238543e+06
2024-04-21,,1.4024751e+06
2024-04-28,,1.5627121e+06
2024-05-05,,1.7151528e+06
2024-05-12,,1.8558514e+06
2024-05-19,,1.9812818e+06
2024-05-26,,2.0885426e+06
2024-06-02,,2.1754938e+06
2024-06-09,,2.240809e+06
2024-06-16,,2.283961e+06
2024-06-23,,2.3051502e+06
2024-06-30,,2.3051862e+06
2024-07-07,,2.285357e+06
2024-07-14,,2.2472955e+06
2024-07-21,,2.1928648e+06
2024-07-28,,2.1240612e+06
2024-08-04,,2.0429431e+06
2024-08-11,,1.9515872e+06
2024-08-18,,1.8520608e+06
2024-08-25,,1.7464092e+06
2024-09-01,,1.6366562e+06
2024-09-08,,1.524809e+06
2024-09-15,,1.4128598e+06
2024-09-22,,1.3027914e+06
2024-09-29,,1.1965769e+06
2024-10-06,,1.0961735e+06
2024-10-13,,1.003511e+06
2024-10-20,,920470.25
2024-10-27,,848855.44
2024-11-03,,790358.4
2024-11-10,,746516.06
2024-11-17,,718658.3
2024-11-24,,707855.3
2024-12-01,,714857.0
2024-12-08,,740034.8
2024-12-15,,783327.25
2024-12-22,,844189.4
2024-12-29,,921562.06
2025-01-05,,1.0138501e+06
2025-01-12,,1.1189342e+06
2025-01-19,,1.2342054e+06
2025-01-26,,1.356635e+06
2025-02-02,,1.4828196e+06
2025-02-09,,1.6092108e+06
2025-02-16,,1.7322309e+06
2025-02-23,,1.8484091e+06
2025-03-02,,1.9545625e+06
2025-03-09,,2.0478538e+06
2025-03-16,,2.1260305e+06
2025-03-23,,2.1874478e+06
2025-03-30,,2.2310915e+06
2025-04-06,,2.2565542e+06
2025-04-13,,2.2639795e+06
2025-04-20,,2.2539815e+06
2025-04-27,,2.2275515e+06
2025-05-04,,2.1859655e+06
2025-05-11,,2.1307058e+06
2025-05-18,,2.0633871e+06
2025-05-25,,1.9857111e+06
2025-06-01,,1.8994241e+06
2025-06-08,,1.8062955e+06
2025-06-15,,1.7081038e+06
2025-06-22,,1.6066325e+06
2025-06-29,,1.5036695e+06
2025-07-06,,1.4009986e+06
2025-07-13,,1.3004064e+06
2025-07-20,,1.2036712e+06
2025-07-27,,1.1125575e+06
2025-08-03,,1.0287977e+06
2025-08-10,,954072.0
2025-08-17,,889980.8
2025-08-24,,838012.4
2025-08-31,,799500.8
2025-09-07,,775582.3
